Rank (Overall rank based on Gridiron AI predicted points.),Name,Team,Pos.,Bye,Injury,Value (How valuable a player is overall taking into account both projected points and how difficult it is to find a replacement player at their position.),Pos. Rank (Rank sorted by position and based on Gridiron AI predicted points.),Expected Points (Expected fantasy points based on the selected scoring settings.),Downside Points (Downside fantasy points based on the selected scoring settings.),Upside Points (Upside fantasy points based on the selected scoring settings.),"3-G Points (The average points scored over the last three games excluding games where the player was inactive due to bye week, suspension, or injury.)","3-G Point Spread (The difference between max and min points in the last 3 weeks ignoring bye weeks, injuries, and suspensions. Requires the player to have been active in at least two of the last three games.)","3-G Yards (Average sum of passing, rushing, and receiving yards over the past three weeks. Skip BYE weeks, injuries, and suspensions.)","3-G TDs (Average sum of passing, rushing, and receiving touchdowns over the past three weeks. Skip BYE weeks, injuries, and suspensions.)","3-G Turnovers (Average sum of fumbles and interceptions over the past three weeks. Skip BYE weeks, injuries, and suspensions.)","LG Touches (Sum of passing attempts, rushing attempts, and targets last week.)","3-G Touches (Average sum of passing attempts, rushing attempts, and targets over the past three weeks. Skip BYE weeks, injuries, and suspensions.)",LG Snap % (Percent of snaps the player was on the field last week.),"3-G Snap % (Average percent of snaps the player was on the field over the past three weeks. Skip BYE weeks, injuries, and suspensions.)",LG Touch % (Percent of snaps last week the player accrued a touch when they were on the field for the play.),"3-G Touch % (Average percent of snaps over the past three weeks the player accrued a touch when they were on the field for the play. Skip BYE weeks, injuries, and suspensions.)",Gridiron ID (The Gridiron AI player ID),FanDuel ID (The FanDuel player ID),DraftKings ID (The DraftKings player ID)
1,Lamar Jackson,BAL,QB,7,,18,1,329.5,94.4,606.3,23.6,10.9,254.7,2.7,0.7,41,30.7,96,93,61.2,49.8,5029,63115,877745
2,Jayden Daniels,WAS,QB,12,,26,2,315.8,78.5,583.9,23.5,30.2,252.7,2.7,1,16,38.7,45,81.7,61.5,64.9,29990,,1161228
3,Joe Burrow,CIN,QB,10,,34,3,297.8,79.9,560.7,23.3,25.9,328,2.7,1,47,44,100,100,63.5,61.2,27444,63336,878785
4,Josh Allen,BUF,QB,7,,41,4,288.8,72,554.1,11.4,23,127.7,1.3,0.3,0,22.3,1,62.3,0,37.5,5005,62239,868199
5,Baker Mayfield,TB,QB,9,,43,5,288.2,77,546.9,25.5,14.2,331.7,3,1,41,40,100,95.3,61.2,58.4,4999,41535,748070
6,Bo Nix,DEN,QB,12,,44,6,285.9,75.9,525.5,24.1,14.5,302,3,1,36,39,88,94,55.4,59.3,29884,,1161899
7,Jalen Hurts,PHI,QB,9,,45,7,285.9,56.8,566.8,4.5,,52,0,0,,7,,16,,58.3,27496,69531,913271
8,Caleb Williams,CHI,QB,5,,49,8,279.4,78.1,503.6,11.4,16.2,228.3,1,1.7,32,37,100,100,51.6,59.2,29989,,1286445
9,Jared Goff,DET,QB,8,,53,9,276,76,523.7,19.6,16.2,288.7,2.3,0.7,33,34.3,100,100,48.5,50.5,4460,38435,727837
10,Justin Herbert,LAC,QB,12,,55,10,274.2,66.5,529,23.5,5.9,331,2.3,0.3,40,40,100,93.5,53.3,56.3,27449,69189,910562
11,Patrick Mahomes,KC,QB,10,,56,11,273.9,72.7,519.9,24.9,2.3,312.5,2.5,0,,42.5,,100,,62.5,4951,57439,839031
12,Brock Purdy,SF,QB,14,O,58,12,273.1,74.1,502.2,25.7,9.2,364,3,1.5,,41,,96,,66.6,28863,85607,1121761
13,Kyler Murray,ARI,QB,8,,61,13,270.7,62.6,525.7,21.4,11.8,294,2.3,1.3,38,43.3,92,97.3,63.3,62.1,27161,63484,879799
14,Drake Maye,NE,QB,14,Q,67,14,261.8,64.9,480.2,8.4,15.4,146.7,1,1.3,1,23.7,5,62,33.3,52,29991,,1286803
15,Dak Prescott,DAL,QB,10,,72,15,254.1,58.2,502.7,,,,,,,,,,,,4246,31716,591816
16,Sam Darnold,SEA,QB,8,,75,16,251.2,59.4,484.8,17.9,17.4,269,2,0.7,44,43.3,100,100,67.7,64.1,5001,63589,880026
17,C.J. Stroud,HOU,QB,6,,78,17,248.7,64,463,9.4,10.1,169.7,1,1,6,26.3,18,68.7,54.5,63.1,29163,,1214084
18,Aaron Rodgers,PIT,QB,5,,79,18,247.4,52.3,487.5,12.8,24.5,216,1.7,1.3,36,32.3,100,87.7,56.2,54.5,862,6894,213957
19,Justin Jefferson,MIN,WR,6,,3,1,247.3,133.6,365.7,20.7,28,96.7,0.7,0,9,11,98,96.3,14.1,16.9,27465,85671,1069535
20,Jordan Love,GB,QB,5,,83,19,243.8,51.7,478.9,8.7,9.2,148,0.7,0,12,24,35,74,52.2,49.9,27469,69017,912137
21,Ja'Marr Chase,CIN,WR,10,,6,2,242.7,134.7,354,22.4,6.4,100.7,0.7,0,14,12.7,99,98.5,19.2,18.1,28010,85701,1109979
22,Matthew Stafford,LA,QB,8,,85,20,242.3,54,475.5,7.8,2.8,155.5,0.5,0.5,,30,,100,,54.5,566,6654,323205
23,Amon-Ra St. Brown,DET,WR,8,,8,3,235.9,123.8,352.8,17.6,6.3,69,0.7,0,7,8.3,81,81.7,12.7,15,28117,86997,1127106
24,Geno Smith,LVR,QB,8,,88,21,235.6,62.2,460.1,17.3,22,246,2.3,1.3,29,33,100,100,52.7,57.2,3052,26483,513856
25,Trevor Lawrence,JAX,QB,8,,90,22,235.3,55.6,464.7,,,,,,,,,,,,28006,89951,1110711
26,Puka Nacua,LA,WR,8,,9,4,235,113.1,360.2,18.2,9.3,92.5,0,0,,11.5,,88,,23.6,29338,,1162128
27,CeeDee Lamb,DAL,WR,10,,10,5,234.8,126.6,346.5,17.5,,105,0,0,,8,,55,,24.2,27460,86631,1062020
28,Tua Tagovailoa,MIA,QB,12,D,92,23,234.6,58.3,451.8,10.6,,214,1,1,,36,,100,,53.7,27448,90572,973947
29,Jahmyr Gibbs,DET,RB,8,,1,1,226.9,51,405.4,32.6,20.6,162.3,2,0,28,26,66,62.3,62.2,61.3,29173,,1214154
30,Malik Nabers,NYG,WR,14,,14,6,225.6,114.4,339.2,22.4,22.3,101,1,0,8,10,70,81.3,21.6,21.7,29915,,1286059
31,Bijan Robinson,ATL,RB,5,,2,2,225.4,48.5,405.3,26.1,8.5,124.7,2,0.3,33,26.3,87,84.3,47.8,44.6,29169,,1228244
32,Tyreek Hill,MIA,WR,12,Q,19,7,220.3,116.8,327.4,11.8,15.5,51.3,0.3,0,3,6.3,39,70.3,11.1,13.5,4188,53681,823156
33,Brian Thomas,JAX,WR,8,,20,8,218.9,108.2,330.8,23.1,10.9,114.7,0.7,0,11,11.7,90,88,17.7,20.6,30002,,1286064
34,Saquon Barkley,PHI,RB,9,,5,3,218.2,36.3,404.1,22.9,8.1,159.5,1,0,,31.5,,78.5,,58.2,26432,64401,883302
35,Derrick Henry,BAL,RB,7,,7,4,216.1,40.8,441.8,25.2,9.2,171.7,1,0,23,26,70,69.7,46.9,58,4232,39280,732145
36,Davante Adams,LA,WR,8,,24,9,212.3,114.3,313,16.8,11.1,67.7,0.7,0,12,11,92,88.3,20.3,18.8,3535,45889,611417
37,Brock Bowers,LVR,TE,8,,4,1,211.7,103.4,321.9,16.9,6.2,75,0.3,0,9,10,94,93.3,18.8,16.3,29820,,1285917
38,Josh Jacobs,GB,RB,5,,11,5,206.3,43.2,373.1,14.4,9.8,74,1,0.3,7,13.7,31,45,35,46.1,27024,72731,944416
39,A.J. Brown,PHI,WR,9,,30,10,205.1,104.7,307.2,18.2,11.1,66.5,1,0,,10,,95.5,,14.4,27100,72846,944826
40,Drake London,ATL,WR,5,,31,11,204.4,103.4,308.7,23.1,29.8,117.3,0.7,0,18,13,99,89.7,23.1,20.1,28612,112745,1178741
41,Bucky Irving,TB,RB,9,,12,6,204.2,50.1,359,19.4,6.1,122,0.7,0,24,22.3,72,61.3,50,51.1,29791,,1287923
42,Kyren Williams,LA,RB,8,,15,7,200.3,37.9,364.8,18.1,3.7,100.5,1,0,,20,,89,,42.7,28766,104433,1167361
43,De'Von Achane,MIA,RB,12,,16,8,199,43.5,356.5,18.3,25.2,116.3,0.7,0,11,15.7,70,66,22.4,36,29245,,1231820
44,Alvin Kamara,NO,RB,11,D,17,9,197.6,35.3,363.2,,,,,,,,,,,,4681,42104,750846
45,Ladd McConkey,LAC,WR,12,,36,12,197.5,94.3,302.4,20.2,14.7,92,0.7,0,8,8,68,72.5,15.7,16,30009,,1218643
46,Garrett Wilson,NYJ,WR,9,,38,13,194.5,99.4,291.9,12.7,8.5,57,0.3,0.3,6,7,98,93.7,9.5,11.7,28614,103564,1164889
47,Zay Flowers,BAL,WR,7,D,40,14,194.2,92.1,298.2,7.8,12.2,51.7,0,0,3,5.7,20,57.3,21.4,16.8,29183,,1177053
48,D.J. Moore,CHI,WR,5,,42,15,193.6,97.6,294.5,16.1,9.9,74.3,0.3,0.3,11,10.7,98,96,18,17.7,5022,63043,877790
49,Trey McBride,ARI,TE,8,,13,2,193.4,92,296.4,18.3,25.3,69.3,0.7,0,11,10.3,89,91.3,19,15.7,28659,91750,1108161
50,Jaxon Smith-Njigba,SEA,WR,8,,47,16,191.2,89.7,295.5,11.8,18.7,48.3,0.3,0,6,8.3,95,93,11.5,15.6,29181,,1214087
51,James Cook,BUF,RB,7,,23,10,188.8,37.2,343.1,15.2,16.8,69,1.3,0.3,10,13,22,34.7,66.7,60.1,28666,91626,1131012
52,James Conner,ARI,RB,8,,25,11,188.3,41.3,337.6,14.7,23.8,87,0.5,0,,13,,29.5,,59.8,4603,40687,742390
53,Breece Hall,NYJ,RB,9,,27,12,187,36,343.1,12.8,11.9,71.7,0.3,0,17,16,70,65.3,37.8,37,28640,103064,1162537
54,Mike Evans,TB,WR,9,,50,17,186.6,93.4,281.9,19.8,17.8,85,0.7,0,14,10.3,88,77,23.7,18.8,3468,32384,593587
55,D.K. Metcalf,PIT,WR,5,,51,18,185.9,93.2,281.6,12.1,7.5,50.7,0.7,0,5,5,89,88.7,10.2,9.7,27092,73048,945633
56,Joe Mixon,HOU,RB,6,Q,28,13,185.8,36.5,337.9,5.9,4.3,46,0,0,6,11.3,18,44,54.5,46.6,4584,52442,820727
57,Marvin Harrison Jr.,ARI,WR,8,,52,19,185.8,83.6,290.6,13.6,9.4,66,0.3,0,6,8,74,79.7,12.5,13.9,29992,,
58,Courtland Sutton,DEN,WR,12,,57,20,183.9,91,280.6,15.8,10.8,67.7,0.7,0,7,7.3,65,79,14.6,15.4,5037,57403,838878
59,Jakobi Meyers,LVR,WR,8,,59,21,183.3,88.2,284,16.8,21.2,75,0.7,0,10,8,94,89.7,20.8,14.1,27189,63634,880151
60,Travis Kelce,KC,TE,10,,21,3,183,90.5,277.6,15.2,14.4,57,0.5,0,,9,,88.5,,15.4,3402,33076,448240
61,Jonathan Taylor,IND,RB,11,,29,14,182.1,31.3,337.3,30.8,14.8,178,2,0,36,33.7,72,78.7,64.3,59.6,27484,89675,1065406
62,Kenneth Walker III,SEA,RB,8,,32,15,181.2,39.5,324,13.9,,59,0,0,,16,,59,,42.1,28645,103342,1164402
63,Nico Collins,HOU,WR,6,,62,22,180.4,89.1,273.8,12.2,5.9,52.3,0.3,0,5,7,18,58,45.5,26.8,28094,91419,1074698
64,Jayden Reed,GB,WR,5,,63,23,178.9,80,281.1,5.9,9.5,46,0,0.3,5,4.7,69,66,11.1,10.8,29211,,1123398
65,Christian McCaffrey,SF,RB,14,,33,16,178.7,34.3,325.5,,,,,,,,,,,,4669,55050,830517
66,George Kittle,SF,TE,14,Q,22,4,178.6,88.7,269.9,14.2,14.5,81.7,0,0,3,6.7,29,73.7,13.6,13.7,4667,39793,733672
67,Calvin Ridley,TEN,WR,10,,66,24,177,90.4,265.8,13.8,6.2,80.7,0.3,0,7,6.3,53,78.3,21.2,13.8,5024,64555,884013
68,Chuba Hubbard,CAR,RB,14,,35,17,175.3,31.9,322.7,32.5,,165,2,0,,30,,84,,52.6,28131,87467,1062047
69,Terry McLaurin,WAS,WR,12,,69,25,175,86.9,266.8,12.9,18.7,42.3,0.7,0,12,8.3,91,88,22.6,14.2,27017,56250,836116
70,Jerry Jeudy,CLE,WR,9,,71,26,173.1,81,269.5,12.6,17.4,59,0,0,13,11.3,95,96,23.2,23.3,27458,90561,973935
71,Chase Brown,CIN,RB,10,Q,39,18,171.8,41.3,304.6,13.5,0.8,100,0,0,,22.5,,81,,32.9,29324,,1123379
72,Stefon Diggs,NE,WR,14,,73,27,170.9,85.5,260.2,,,,,,,,,,,,3989,25079,694041
73,Tony Pollard,TEN,RB,10,Q,46,19,169.2,29.9,311.5,7.1,1.8,51,0,0,22,17,73,56,48.9,49.5,27039,63759,880398
74,Jordan Addison,MIN,WR,6,,76,28,169.2,78,261.8,11.5,17.9,34.7,0.7,0,6,7.3,89,89.3,10.3,12.1,29184,,1214250
75,Tee Higgins,CIN,WR,10,Q,77,29,168.3,80.2,260.7,23.1,30.8,80.7,1.3,0.3,5,9.3,68,68.5,10,14.7,27476,89981,978579
76,DeVonta Smith,PHI,WR,9,,80,30,166.6,77.6,257.8,20.6,18.9,85.5,1,0,,7.5,,81,,13.3,28015,90576,1060262
77,D'Andre Swift,CHI,RB,5,,48,20,165.9,30.6,304.5,11,4.2,66.3,0.3,0,22,17,79,72.7,44.9,37.6,27478,91598,1069808
78,Josh Downs,IND,WR,11,,81,31,165.6,73,260.8,13.2,14.2,59,0.3,0,13,7,76,65,22,13.9,29240,,1215077
79,Cam Ward,TEN,QB,10,,142,24,165.1,43.4,285.6,,,,,,,,,,,,30297,,
80,George Pickens,DAL,WR,10,,84,32,164.5,74.5,256.3,4.5,7,25,0,0,6,6.5,92,91.5,10.7,10.5,28656,110246,1172053
81,Ashton Jeanty,LVR,RB,8,,60,21,161.6,53.1,263,,,,,,,,,,,,30302,,
82,Michael Penix,ATL,QB,5,,146,25,161.5,0,417.7,12.9,18.6,249.3,1.3,1.7,39,35.7,100,100,49.4,51.2,29994,,1107478
83,Xavier Worthy,KC,WR,10,,87,33,161.2,63.6,263.5,14.5,22.9,54.7,0.7,0,0,8.3,3,56,0,14.8,30006,,1326638
84,Sam LaPorta,DET,TE,8,,37,5,160.7,75.2,247.4,15.3,5.1,56.7,0.7,0,7,7.3,100,95,10.3,11.4,29195,,1168926
85,Jauan Jennings,SF,WR,14,,89,34,159.3,70.7,249.6,11,3.1,56.7,0,0.3,10,8.7,33,73.7,40,22.2,27659,61593,867009
86,Rome Odunze,CHI,WR,5,,93,35,158.1,64.5,255.2,5.3,7.2,36.7,0,0.3,2,4.3,89,88,3.6,8,29995,,1213727
87,Michael Pittman Jr.,IND,WR,11,,96,36,156.4,71.4,245.6,14.3,22,66.7,0.3,0,10,7.7,91,94.3,14.1,11,27477,,
88,Najee Harris,LAC,RB,12,,64,22,155.9,24.7,289.7,10,11.4,59.7,0.3,0,17,14.7,49,40.7,56.7,55.2,28029,90575,973964
89,Aaron Jones,MIN,RB,6,,65,23,155.8,26,288.8,12.2,0.8,81.7,0,0,16,18.7,62,65,40,42.8,4769,40442,741314
90,Tyrone Tracy Jr.,NYG,RB,14,,68,24,154.5,36.1,274.1,10.9,9.6,69.3,0.3,0.3,16,16.7,60,63,50,47.3,29917,,1109708
91,Chris Olave,NO,WR,11,Q,97,37,154,70,240.4,,,,,,,,,,,,28615,87770,1122592
92,Jaylen Waddle,MIA,WR,12,Q,98,38,153.9,63,252.3,9,,50,0,0,10,10,90,90,15.9,15.9,28011,90573,1125749
93,Travis Etienne,JAX,RB,8,,70,25,153.5,26.8,282.9,7.7,3.3,57.3,0,0,18,15.7,43,47.7,60,51.7,28030,89956,978577
94,Rashee Rice,KC,WR,10,,99,39,152.7,64.7,243.2,,,,,,,,,,,,29216,,1173538
95,Chris Godwin,TB,WR,9,,101,40,151.4,59.8,249.2,,,,,,,,,,,,4724,55635,835127
96,Jonnu Smith,PIT,TE,5,,54,6,150.6,64.6,238.5,14.1,7,48,0.7,0.3,12,7.3,60,54.3,28.6,19.5,4631,48116,743749
97,Brian Robinson Jr.,WAS,RB,12,,74,26,150,30.6,272.5,4.5,6.8,42,0,0.7,6,11.3,40,52.3,26.1,29.9,28701,90562,973966
98,Brandon Aiyuk,SF,WR,14,,103,41,149,53.5,249.5,,,,,,,,,,,,27468,85798,1107034
99,Darnell Mooney,ATL,WR,5,Q,105,42,145.6,63.3,230,9.5,7.5,59.5,0,0,,5.5,,93.5,,9.1,27615,69777,912027
100,Cooper Kupp,SEA,WR,8,,106,43,145.4,66,231.2,4.7,1.5,26.5,0,0,,3,,80.5,,6.8,4647,79970,698227
101,Khalil Shakir,BUF,WR,7,,107,44,145.1,59.3,233.4,3.9,3.3,23.5,0,0.5,,6,,68,,13.8,28750,86518,1130603
102,Russell Wilson,NYG,QB,14,,157,26,143.2,33.8,278.5,14.2,4.2,222.7,1.3,1.3,35,38,100,100,57.4,58.2,2716,22015,401534
103,Deebo Samuel,WAS,WR,12,,110,45,143,53.8,241,16.1,18,71,1,0.5,,9,,83,,16.9,27061,56018,835749
104,Adam Thielen,CAR,WR,14,,111,46,142.7,64.4,223.1,17.6,18.6,65.7,1,0,6,6,76,73.3,11.8,13.9,3518,39716,733643
105,Wan'Dale Robinson,NYG,WR,14,,112,47,142.6,57.5,231.7,15.2,4.9,58.7,0.3,0,11,9.7,74,77,28.2,22.2,28647,103539,1164875
106,Jameson Williams,DET,WR,8,,114,48,141.6,50.3,236.6,20,16.6,86.3,1,0,8,8.7,81,81,14.5,15.7,28616,111631,1175184
107,Tetairoa McMillan,CAR,WR,14,,116,49,139.6,77.9,223.5,,,,,,,,,,,,30304,,
108,Rhamondre Stevenson,NE,RB,14,,95,27,137.6,24.9,253.6,6.2,12.2,37,0.5,0.5,,8,,44.5,,26.6,28125,111540,1174682
109,DeAndre Hopkins,BAL,WR,7,,120,50,134.6,59.8,211.6,5.2,5,22,0,0,,4,,48,,12.4,3115,16606,560241
110,Travis Hunter,JAX,WR,8,,122,51,134.2,71.3,215.2,,,,,,,,,,,,30298,,
111,Tyler Lockett,TEN,WR,10,,124,52,133,57.5,211.5,4.6,1.1,22.3,0,0,4,3.3,53,63.7,13.8,9.8,3784,27050,605242
112,Dalton Kincaid,BUF,TE,7,,82,7,131,48.2,215.5,5,1.1,19.5,0,0,,4.5,,39,,20.8,29186,,1135513
113,Joe Flacco,CLE,QB,9,,164,27,130.4,19.9,283.2,14.9,0.7,297.5,1.5,1.5,40,39.5,100,100,51.3,51,166,6714,216342
114,Mark Andrews,BAL,TE,7,,86,8,128.8,57.1,201.9,14.7,1.6,53.3,1,0,9,6,79,70.3,16.4,12.3,5083,52436,820699
115,Christian Kirk,HOU,WR,6,,128,53,127.6,47.7,211.8,,,,,,,,,,,,5044,60858,865801
116,Matthew Golden,GB,WR,5,,129,54,127.3,63.3,204.4,,,,,,,,,,,,30319,,
117,Romeo Doubs,GB,WR,5,,130,55,127.2,54.1,202.4,9.4,10.8,39,0,0,,7,,76.5,,13.4,28734,94370,1122653
118,Michael Wilson,ARI,WR,8,Q,131,56,126.3,47.7,206.9,6.7,0.5,36.5,0,0,,6,,88.5,,9,29255,,1123529
119,Spencer Rattler,NO,QB,11,,167,28,126.1,16.1,258.9,10.3,9.8,232,0.7,1.7,43,39,100,100,65.2,64.2,29789,,1174752
120,Bryce Young,CAR,QB,14,,168,29,126,28.8,245.5,25.5,23.5,237.3,3.3,0.7,39,33.3,100,100,58.2,55.9,29162,,1213257
121,Tucker Kraft,GB,TE,5,,91,9,124.9,50.2,201.2,8.1,2.2,51.3,0,0,7,5,95,81,11.3,9.5,29239,,1181874
122,Demario Douglas,NE,WR,14,,132,57,124.5,46.4,205.5,9.6,8.2,39.7,0.3,0,4,5,75,75.3,8.3,10.8,29371,,1175693
123,Quentin Johnston,LAC,WR,12,Q,133,58,124,45.2,204.8,15.4,26.8,84,0,0,14,9.3,73,70.5,25.5,20.1,29182,,1213865
124,T.J. Hockenson,MIN,TE,6,,94,10,123.8,48.7,200.7,6.5,8.9,34.7,0,0,8,6.3,78,72.3,15.7,12.9,26931,71706,923915
125,Alec Pierce,IND,WR,11,,134,59,122,46,199.6,19,10.5,89.5,1,0,2,5.5,82,88.5,3.1,7.7,28657,86312,1107027
126,Emeka Egbuka,TB,WR,9,,136,60,118.9,53.5,193.3,,,,,,,,,,,,30315,,
127,Evan Engram,DEN,TE,12,,100,11,118.4,43.8,195,,,,,,,,,,,,4679,41872,749185
128,Hunter Henry,NE,TE,14,Q,102,12,117.4,46.3,190.1,7,13.9,19.5,0.5,0,,5.5,,70.5,,10.8,4194,40845,744425
129,Jaylen Warren,PIT,RB,5,,117,28,117.2,23.1,215,10.2,14.1,75,0,0.3,7,13.7,38,52.7,30.4,38.5,28972,112057,1176443
130,Keon Coleman,BUF,WR,7,,139,61,117,33.2,203.3,6.8,9,28,0.3,0,11,6.7,97,84.3,16.9,11,30008,,1322431
131,Javonte Williams,DAL,RB,10,,121,29,116.3,16.9,221.3,8.4,10.3,43.7,0,0,9,8.7,31,34,39.1,24.1,28040,93541,1107881
132,Rashod Bateman,BAL,WR,7,,140,62,115.9,44.1,189.9,9.7,16.4,34,0.7,0,8,4,71,65.3,16,8.5,28032,85845,1108208
133,Isiah Pacheco,KC,RB,10,,123,30,115.1,19.3,215.5,2.7,1.8,21.5,0,0,,8.5,,33.5,,36.1,28852,92575,1106832
134,Ricky Pearsall,SF,WR,14,,141,63,114.6,25.8,207.9,18.4,21,84.3,0.7,0,8,8.3,92,78,11.4,16.3,30007,,1161416
135,Cade Otton,TB,TE,9,Q,104,13,112.5,39.8,187.2,,,,,,,,,,,,28709,86811,1049263
136,Ray-Ray McCloud,ATL,WR,5,,143,64,112.1,31.9,196.5,6.7,6.9,40,0,0,7,4.7,100,84.3,8.9,7.4,5184,62055,867759
137,Xavier Legette,CAR,WR,14,Q,144,65,112,38.2,188.7,6.9,1.8,29,0,0,5,7,42,55,17.9,23,29930,,1180321
138,Pat Freiermuth,PIT,TE,5,,108,14,110.9,44.1,179,12.7,17.9,53.7,0.3,0.3,11,7.3,80,69.3,22.4,15.8,28060,86244,1116662
139,Rashid Shaheed,NO,WR,11,,147,66,109.4,31.1,191.4,,,,,,,,,,,,29028,170287,923412
140,Jake Ferguson,DAL,TE,10,,109,15,109.3,32.9,188.5,5.3,7.2,23.3,0,0.3,4,6,59,61.7,8.7,15.4,28731,89680,1065361
141,Dallas Goedert,PHI,TE,9,,113,16,108.5,34,184.9,9.5,,55,0,0,6,6,19,19,46.2,46.2,5046,83074,791365
142,Mike Gesicki,CIN,TE,10,,115,17,106.3,38.9,175.5,12.3,15.2,56,0,0,10,8,69,63,19.6,21.6,5039,56265,836152
143,Marvin Mims,DEN,WR,12,,148,67,106.1,29.5,188.9,20,18.8,72.7,1.3,0.3,5,6.7,31,39,21.7,26.9,29224,,1213799
144,Tre Tucker,LVR,WR,8,,149,68,105.9,31.4,183.5,7.5,5.5,28.7,0.3,0,4,6,80,87.3,9.8,10.1,29261,,1164979
145,Darius Slayton,NYG,WR,14,,152,69,105.5,34.4,178.7,4.6,10.2,19.7,0.3,0,1,2.3,91,85.3,2.1,4.9,27089,63819,880557
146,Devaughn Vele,NO,WR,11,,155,70,101.7,29.3,176.9,9.9,10.3,32.7,0.7,0,4,3,51,50.5,10.5,8.6,29885,,1164788
147,Zach Ertz,WAS,TE,12,,118,18,101,34.2,169.6,14.3,23,42.7,1,0,5,4.7,91,76,9.4,8.8,3112,29780,503177
148,Jayden Higgins,HOU,WR,6,,156,71,101,52.6,163.6,,,,,,,,,,,,30330,,
149,Kyle Pitts,ATL,TE,5,,119,19,100.9,36.9,166.3,6.5,12.7,22,0.3,0,3,3.3,44,45.3,8.6,10.7,28009,86080,1123026
150,Justin Fields,NYJ,QB,9,,191,30,99.2,15.5,207.7,,,,,,,,,,,,28016,91591,1110681
151,Dalton Schultz,HOU,TE,6,,125,20,98.9,36.7,162.2,8.5,11.4,31.7,0.3,0,3,5.7,53,68.3,9.4,13.7,5134,55042,830523
152,Luther Burden,CHI,WR,5,,158,72,98.8,47.2,163.6,,,,,,,,,,,,30335,,
153,Calvin Austin III,PIT,WR,5,,159,73,97.9,22.8,176.7,5.9,10.5,32,0,0.3,1,3.7,66,73.7,2.5,7.3,28740,90870,1062765
154,Darren Waller,MIA,TE,12,,126,21,97.1,24.9,172,,,,,,,,,,,,3925,25011,600191
155,Jalen Tolbert,DAL,WR,10,,161,74,96.4,31.2,164.7,11.9,3.8,49.3,0.7,0,6,4.3,72,56,10.7,12.6,28691,88548,1066424
156,Tyler Warren,IND,TE,11,,127,22,93.8,35.6,152.3,,,,,,,,,,,,30310,,
157,Allen Lazard,NYJ,WR,9,,166,75,89.9,23.2,158.5,7.3,14.2,33.3,0.3,0,4,4,89,83,7,7.5,26575,56809,837958
158,David Montgomery,DET,RB,8,,150,31,89.6,15.4,165.5,,,,,,,,,,,,27109,73273,946739
159,Andrei Iosivas,CIN,WR,10,,170,76,86.8,18.4,158.8,8.8,11.1,41.3,0.3,0,3,3.3,86,82.5,4.7,5.2,29367,,1124851
160,Noah Brown,WAS,WR,12,,172,77,86.4,22.3,153.2,,,,,,,,,,,,4768,56248,836103
161,Theo Johnson,NYG,TE,14,,135,23,85.2,20.3,152,,,,,,,,,,,,30042,,1214414
162,Juwan Johnson,NO,TE,11,Q,137,24,84.8,20.3,151.2,9.8,9.3,57.7,0,0.3,7,6.3,79,76.3,13.5,13.4,27919,64808,884609
163,Cole Kmet,CHI,TE,5,,138,25,84.6,26.1,144.6,3.7,8.9,4,0.3,0,2,1.3,98,93.3,3.3,2.3,27486,91047,1066765
164,Kyle Williams,NE,WR,14,,174,78,83.8,50.3,136.3,,,,,,,,,,,,30365,,
165,Omarion Hampton,LAC,RB,12,,162,32,80.5,26,131.3,,,,,,,,,,,,30318,,
166,Brandin Cooks,NO,WR,11,,178,79,80,25.7,136.3,7.2,4.7,36.7,0,0,10,7,69,71.3,18.5,14.7,3376,29501,607864
167,Tutu Atwell,LA,WR,8,,180,80,79,0.5,170.3,3.6,8.7,16.3,0,0,8,3.3,55,30.7,22.2,13.5,28062,92976,1106760
168,Noah Fant,CIN,TE,10,,145,26,78,13.8,145,11.2,9.3,52,0.3,0,6,5.7,64,64,17.1,15.8,26822,71705,923911
169,Nick Westbrook-Ikhine,MIA,WR,12,,182,81,78,15.2,143.5,8.5,3,34.7,0.3,0,7,5.7,97,95.7,11.7,9.2,27834,64389,883259
170,Tank Dell,HOU,WR,6,,183,82,77.8,33,123.8,21.8,,98,1,0,,7,,51,,23.3,29230,,1128222
171,Rachaad White,TB,RB,9,,163,33,76.4,14.7,139.3,5.1,11,31.3,0,0.3,0,6,27,37.7,0,18.5,28694,137902,1229343
172,Cedric Tillman,CLE,WR,9,,188,83,72.2,4.6,145.6,,,,,,,,,,,,29235,,
173,Zach Charbonnet,SEA,RB,8,,169,34,72.1,18.8,126.3,7.7,7.2,60,0,0,14,11.7,76,57.7,33.3,33.6,29213,,1164530
174,Austin Ekeler,WAS,RB,12,,171,35,71.9,12.1,134.5,5.2,,32,0,0,5,5,60,60,14.3,14.3,4695,80001,790004
175,AJ Barner,SEA,TE,8,,151,27,71.7,17,128.1,7.9,14.4,15.7,0.7,0,5,2.3,56,37.7,16.1,8.9,29903,,1229503
176,Brenton Strange,JAX,TE,8,,153,28,71.6,12.6,133.1,4.1,10,27.3,0,0.3,4,3,72,65,8,7.4,29222,,1164940
177,Tory Horton,SEA,WR,8,,190,84,70.9,16.1,128.7,,,,,,,,,,,,30461,,
178,Jalen Nailor,MIN,WR,6,,192,85,70.7,8.4,136.5,9.6,17.6,46.3,0.3,0,4,3.7,49,51.7,12.5,10.5,28792,92859,1126817
179,Will Dissly,LAC,TE,12,,154,29,69.4,6.4,136.9,9.6,11.1,31.5,0.5,0,6,4.5,57,50.5,14,11.3,5117,56708,837806
180,Clayton Tune,ARI,QB,8,,267,31,68.3,0,175.1,0.2,,2,0,0,1,1,8,8,20,20,29300,,1109133
181,Kareem Hunt,KC,RB,10,,177,36,66.7,13,121.7,11.9,7.9,49.5,1,0,,11.5,,45.5,,36.9,4558,45229,746613
182,Brandon Allen,TEN,QB,10,,276,32,66.4,0,239.6,,,,,,,,,,,,5350,31170,604390
183,Jahan Dotson,PHI,WR,9,,199,86,64.3,6.2,126.3,5.5,16.4,31.3,0,0,11,3.7,94,68,17.2,5.7,28620,86229,1121878
184,Mitchell Trubisky,BUF,QB,7,,286,33,64,0,296.5,7,0.5,90.5,1,0.5,25,14,72,43,52.1,41,5252,38628,728169
185,Joe Milton,DAL,QB,10,,287,34,63.7,0,210.7,19.2,,257,2,1,39,39,95,95,63.9,63.9,29986,,1112338
186,Mason Taylor,NYJ,TE,9,,160,30,63.6,20.6,106.8,,,,,,,,,,,,30338,,
187,Kenny Pickett,CLE,QB,9,,288,35,63.6,0,295.3,11.5,9,151,1.5,1,,22.5,,76,,42.2,28624,92020,976924
188,Jake Browning,CIN,QB,10,,295,36,62,0,228.5,0,,-1,0,0,,1,,,,,27753,60840,865844
189,Rico Dowdle,CAR,RB,14,,186,37,60.5,12.2,111,11.4,8.3,81,0.3,0.3,25,21.7,67,70,48.1,47.1,27854,72297,933480
190,Tyson Bagent,CHI,QB,5,,310,37,60.2,0,217.7,,,,,,,,,,,,29602,,1444140
191,Jarrett Stidham,DEN,QB,12,,313,38,59.4,0,215.2,0.7,,7,0,0,2,2,12,12,22.2,22.2,26961,60947,865868
192,Dyami Brown,JAX,WR,8,,213,87,59.3,0,129.6,6.5,2.2,40,0,0.5,6,5.5,43,54.5,24,17.6,28087,93538,1107878
193,Josh Reynolds,NYJ,WR,9,,217,88,58.8,1.6,120.5,0.7,2.1,3.7,0,0,3,1.3,58,49.7,7.5,3.6,4646,53097,822367
194,Tank Bigsby,JAX,RB,8,,187,38,58.6,10.2,112.1,8.2,7.9,42,0.7,0.3,15,13.3,36,34.7,60,60.2,29249,,1215035
195,Robert Woods,PIT,WR,5,,220,89,58.2,1.7,120.4,3.6,1.2,26.3,0,0.7,3,3.7,62,52.7,8.1,11.7,2995,29685,555693
196,Jalen McMillan,TB,WR,9,,229,90,57.5,19.3,97.1,19.6,6.3,65.7,1.3,0,7,6.7,88,80,11.9,11.6,30036,,1213726
197,Marcus Mariota,WAS,QB,12,,330,39,56.6,0,286.5,26,,217,3,0,23,23,55,55,71.9,71.9,3870,29358,607843
198,Tyler Higbee,LA,TE,8,,165,31,56.4,0,121.7,8.9,12.7,22,0.7,0,7,4,41,32.7,25.9,19.3,4278,47870,604176
199,Drew Lock,SEA,QB,8,,334,40,56.2,0,293.2,15.6,28.5,220.3,2.3,1.7,31,33,100,100,58.5,58.8,27139,64051,882345
200,Isaac Guerendo,SF,RB,14,,193,39,55.8,7.4,106.9,7.2,13.4,52,0,0,2,7.5,5,33,50,41.6,29872,,1126338
201,Chris Oladokun,KC,QB,10,,340,41,54.4,0,122.7,0,,5,0,1,1,1,15,15,20,20,28842,73398,947634
202,Joshua Dobbs,NE,QB,14,,342,42,54.2,0,278.7,14.4,12.6,192.5,2,2,51,28,100,54,67.1,83.5,5273,40407,741262
203,Taylor Heinicke,LAC,QB,12,,344,43,53.7,0,283.6,0.8,,8,0,0,,3,,13,,30,4929,53331,599113
204,AJ Dillon,PHI,RB,9,,195,40,53.1,8.9,99.1,,,,,,,,,,,,27505,93107,1060545
205,Van Jefferson,TEN,WR,10,,251,91,52.7,1.4,108.4,3.2,4.8,15,0,0,4,2.7,67,62.7,9.8,6.4,27500,64581,884080
206,Taysom Hill,NO,TE,11,,173,32,52.2,2,115.7,,,,,,,,,,,,4890,45565,503184
207,Skylar Thompson,PIT,QB,5,,352,44,52.1,0,234.6,,,,,,,,,,,,28848,69294,913829
208,Zay Jones,ARI,WR,8,,257,92,51.6,0,113.1,3.8,8.6,21.7,0,0,5,2,58,45.3,13.2,5.5,4569,41305,746491
209,Jordan Mason,MIN,RB,6,,198,41,51.3,9.1,98.1,,,,,,,,,,,,28927,86875,1116001
210,Dontayvion Wicks,GB,WR,5,,262,93,51.1,16.5,86.6,9.5,2,35,0.3,0,6,6,74,69.3,12.5,13.4,29320,,1172428
211,Antonio Gibson,NE,RB,14,,201,42,50.8,9.9,95,6.9,6.5,48.5,0,0.5,18,15,66,60,42.9,35.4,27509,,
212,Elijah Moore,BUF,WR,7,,270,94,50.6,16.9,85.3,3.9,5.5,19.3,0,0,5,5,95,80,8.9,9.4,28039,88575,1128783
213,Tre Harris,LAC,WR,12,,271,95,50.6,28,81.2,,,,,,,,,,,,30351,,
214,RJ Harvey,DEN,RB,12,,203,43,50.4,15.9,84.7,,,,,,,,,,,,30356,,
215,Tommy Tremble,CAR,TE,14,,175,33,49.9,0.4,104.6,5.7,11,20.7,0.3,0,3,2,60,62.7,7.5,4.5,28088,91101,1130555
216,Quinshon Judkins,CLE,RB,9,,204,44,49.7,14.5,84.8,,,,,,,,,,,,30332,,
217,Nick Mullens,JAX,QB,8,,364,45,49.6,0,245.1,,,,,,,,,,,,26258,41562,748309
218,Isaiah Likely,BAL,TE,7,,176,34,48.9,18.8,79.7,8.9,5.1,25.3,0.7,0,5,3,61,67.7,11.6,7,28741,87260,1125111
219,Ray Davis,BUF,RB,7,,208,45,48.1,4.8,93.7,6.9,12.2,35.7,0.3,0,18,10.3,52,33,51.4,46,30047,,
220,Jake Haener,NO,QB,11,,368,46,48.1,0,204.8,,,,,,,,,,,,29288,,1049254
221,Dont'e Thornton,LVR,WR,8,,290,96,47.4,4.4,94.7,,,,,,,,,,,,30403,,
222,Tyler Allgeier,ATL,RB,5,,211,46,46.8,7.3,90.1,5,7,39.7,0,0,11,8.7,22,20.3,64.7,56.3,28753,90428,1131198
223,Jaleel McLaughlin,DEN,RB,12,,212,47,46.7,8,87.3,8.2,2.8,62,0,0,18,15,41,32,60,72.8,29604,,1271738
224,Cam Akers,NO,RB,11,,215,48,46.4,7.3,88.7,6.8,11,35,0.3,0,8,6,31,24.7,40,31.1,27495,89230,976251
225,Justice Hill,BAL,RB,7,,216,49,46.2,7.6,86.8,3,,30,0,0,,3,,11,,42.9,26945,71521,923109
226,Josh Palmer,BUF,WR,7,,303,97,45.9,7.3,86.9,8.6,1,41,0,0,,6,,38,,20,28082,,
227,Trey Lance,LAC,QB,12,,372,47,45.9,0,261.6,6.2,12.2,136,0,0,40,21,100,52.5,51.3,59,28008,149696,1130975
228,Jelani Woods,IND,TE,11,,179,35,45.8,15.3,77,,,,,,,,,,,,28676,87469,975503
229,Jalen Coker,CAR,WR,14,,305,98,45.7,8.9,84.6,7.4,11.2,41.3,0,0,8,5,93,87.3,12.9,8.9,29928,,1218753
230,Emanuel Wilson,GB,RB,5,,222,50,45.4,6.1,88.8,11.9,5.4,52,1,0,15,11,42,36.7,55.6,44.5,29615,,1447759
231,Diontae Johnson,CLE,WR,9,,311,99,45.3,12.9,79.4,3.2,,12,0,0,4,4,37,37,18.2,18.2,27079,66008,891115
232,Kyle Trask,TB,QB,9,,375,48,45.3,0,140,0,,-2,0,0,,3,,14,,27.3,28069,69304,910380
233,Colston Loveland,CHI,TE,5,,181,36,45.1,16.8,72.4,,,,,,,,,,,,30306,,
234,Raheem Mostert,LVR,RB,8,,226,51,44.9,7.3,83.4,3.5,6.6,21.7,0,0,0,6,1,24,0,27,3932,28744,606501
235,Miles Sanders,DAL,RB,10,,227,52,44.9,6.1,89.2,24.6,,116,2,1,21,21,61,61,51.2,51.2,27041,71845,924261
236,Alexander Mattison,MIA,RB,12,,231,53,44.6,8.1,84.8,9.2,10.8,41.7,0.3,0,11,14.3,73,53.7,29.7,43,27125,72776,944343
237,TreVeyon Henderson,NE,RB,14,,232,54,44.4,8,79.7,,,,,,,,,,,,30334,,
238,Roschon Johnson,CHI,RB,5,,233,55,44,5.3,85.2,2.6,6.6,9,0,0,7,4,21,27,53.8,26.6,29276,,1163265
239,Trey Benson,ARI,RB,8,,234,56,44,5.7,87.6,,,,,,,,,,,,30032,,1248031
240,Jamari Thrash,CLE,WR,9,,322,100,43.7,0,101.8,0,0,0,0,0,1,1,54,46,3.1,3.2,29762,,1178628
241,Will Levis,TEN,QB,10,,381,49,43.6,1.8,273.2,7.8,,183,1,2,21,21,58,58,58.3,58.3,29194,,1116663
242,Hendon Hooker,DET,QB,8,,382,50,43.5,0,150.4,,,,,,,,,,,,29229,,976966
243,Braelon Allen,NYJ,RB,9,,236,57,43.2,3,86.9,3,2.3,19.7,0,0,7,5.3,22,22,50,37.2,29888,,1325231
244,Kaleb Johnson,PIT,RB,5,,239,58,42.7,8.5,76.2,,,,,,,,,,,,30379,,
245,Kyle Juszczyk,SF,RB,14,,240,59,42.5,0,96.4,8.1,9.3,28,0.7,0,3,3,42,39.3,9.4,11.7,2986,39428,501150
246,Tommy DeVito,NYG,QB,14,,388,51,42.5,0,211.9,,,,,,,,,,,,29640,,1060671
247,Jaylen Wright,MIA,RB,12,,242,60,42.4,5,85.7,0,0,-2,0,0,6,3,13,8,66.7,33.4,30046,,1286513
248,Malik Willis,GB,QB,5,,389,52,42.4,0,280.7,2.6,2.4,85.5,0,0.5,14,9.5,66,39.5,32.6,44.1,28689,87691,976323
249,Treylon Burks,TEN,WR,10,,338,101,42.1,0,99.9,,,,,,,,,,,,28622,110259,1172024
250,Chigoziem Okonkwo,TEN,TE,10,Q,184,37,42,5.9,80.2,10,19.1,46.7,0,0,0,6.3,5,54.7,0,12.3,28745,88297,1106374
251,Bailey Zappe,KC,QB,10,,390,53,41.9,0,258.2,7,,172,1,2,33,33,90,90,62.3,62.3,28739,139985,1058090
252,Jack Bech,LVR,WR,8,,345,102,41.2,14,70.4,,,,,,,,,,,,30354,,
253,Devin Singletary,NYG,RB,14,,246,61,41,3.2,82,2.8,2.8,19.7,0,0,8,6,30,26.3,50,40.3,26978,70603,916466
254,Tanner McKee,PHI,QB,9,,396,54,41,0,202,14.5,8.7,161,2,0,44,25,100,66,64.7,46.7,29349,,1123521
255,Bhayshul Tuten,JAX,RB,8,,247,62,40.9,13.9,70.1,,,,,,,,,,,,30399,,
256,Rondale Moore,MIN,WR,6,,346,103,40.8,6.2,77.6,,,,,,,,,,,,28054,93408,1130270
257,Austin Hooper,NE,TE,14,,185,38,40.7,13.1,68.8,7,4.6,33.7,0,0,6,4.7,67,60,14,12.2,4158,40126,739424
258,Cam Skattebo,NYG,RB,14,,249,63,40.6,12.8,70.1,,,,,,,,,,,,30400,,
259,Kayshon Boutte,NE,WR,14,,347,104,40.5,5.8,77.5,17.3,17.9,80,0.7,0,7,6.3,70,78.3,15.6,12.9,29348,,1213362
260,Dameon Pierce,HOU,RB,6,,252,64,40.4,6.9,78.4,7.8,21.2,64.3,0.3,0.3,21,9,62,31.3,56.8,39.2,28710,86055,1108998
261,Hunter Renfrow,CAR,WR,14,,350,105,40.4,7.4,75,,,,,,,,,,,,27027,57986,841649
262,Elijah Mitchell,KC,RB,10,,255,65,40.1,5.4,77.7,,,,,,,,,,,,28199,92413,1050833
263,Mac Jones,SF,QB,14,,404,55,40,0.3,278.6,14.6,4.5,228.3,1.3,0.3,37,34.7,100,100,53.6,53.4,28020,90584,973945
264,Samaje Perine,CIN,RB,10,,256,66,39.8,6.2,75.6,5.1,5.6,31,0,0,2,3,38,25.3,15.4,23.4,4742,52451,820734
265,Demarcus Robinson,SF,WR,14,,356,106,39.8,13.3,67.1,3.4,10.2,24,0,0,6,3,94,82,9.7,5.6,4292,38264,727279
266,Curtis Samuel,BUF,WR,7,,357,107,39.8,5.3,77.3,12.2,,52,0,0,8,8,67,67,17.8,17.8,4707,52613,821389
267,Kyle Allen,DET,QB,8,,406,56,39.7,0,241.3,,,,,,,,,,,,26564,53095,822350
268,Emari Demercado,ARI,RB,8,,261,67,39,3.3,78.9,,,,,,,,,,,,29612,,1116817
269,Michael Carter,ARI,RB,8,,263,68,38.9,4.3,81.8,12.9,6.1,53.5,0.5,0,21,15.5,77,61.7,42,41,28112,93539,976329
270,Jaret Patterson,LAC,RB,12,,269,69,38.5,0.6,82.6,,,,,,,,,,,,28409,88699,1108937
271,Ja'Tavion Sanders,CAR,TE,14,,189,39,38.2,10.3,66.8,2.7,6.5,13.3,0,0,5,2,51,54.3,14.7,6.2,29932,,1326628
272,Adonai Mitchell,IND,WR,11,,365,108,38.2,5.6,72.9,2.9,4.6,19.3,0,0,1,2,21,39.7,6.2,21.7,30020,,1285908
273,Aidan O'Connell,LVR,QB,8,,413,57,38.1,0,266.2,15,6.2,245.7,1.3,0.3,38,40.3,94,98,79.2,63.1,29296,,1066811
274,Parker Washington,JAX,WR,8,,367,109,37.7,5.5,71.7,10.3,4.6,33.3,0.7,0.3,4,4.3,86,87.7,6.8,7.5,29346,,1229074
275,Mack Hollins,NE,WR,14,,369,110,37.6,9.3,67.5,5.1,1,27.7,0,0,4,3,99,74.7,6.1,6.2,4641,25267,702808
276,Jimmy Garoppolo,LA,QB,8,,420,58,37.2,0,286,19.9,,339,2,1,43,43,100,100,65.2,65.2,3601,54604,555358
277,Jacoby Brissett,ARI,QB,8,,422,59,37,0,259.7,0,,-2,0,0,,2,,19,,20,4295,30231,607047
278,Audric Estime,DEN,RB,12,,280,70,36.8,5.2,72.6,8.3,6.1,39.7,0.7,0,12,10.3,24,27,66.7,61.2,29880,,1321291
279,Jarquez Hunter,LA,RB,8,,282,71,36.5,8.4,64.7,,,,,,,,,,,,30412,,
280,Trevor Etienne,CAR,RB,14,,285,72,36.2,8.4,64.3,,,,,,,,,,,,30409,,
281,Troy Franklin,DEN,WR,12,,374,111,36,6.8,66.5,2.9,3.5,12,0,0,2,2.3,35,34,7.7,8.8,30038,,1286176
282,Kimani Vidal,LAC,RB,12,,292,73,35,0.3,73.6,0.9,2.4,16,0,0.3,0,4,1,6,0,38.9,29799,,1214824
283,JuJu Smith-Schuster,KC,WR,10,,378,112,35,6.3,65,1.7,3.8,7.3,0,0,2,1.7,94,60,6.2,5.5,4597,55987,835909
284,Sam Howell,MIN,QB,6,,428,60,35,0,412.7,,,,,,,,,,,,28746,104576,1168245
285,Jaxson Dart,NYG,QB,14,,429,61,35,5.6,281,,,,,,,,,,,,30321,,
286,Clyde Edwards-Helaire,NO,RB,11,,294,74,34.8,4.8,70.2,5,0,35,0,0,9,9,27,35,50,42.3,27475,85741,976650
287,Michael Gallup,WAS,WR,12,,380,113,34.8,5.8,65.2,,,,,,,,,,,,5078,69956,912070
288,Zach Wilson,MIA,QB,12,,430,62,34.8,0,250.7,,,,,,,,,,,,28007,90406,1108052
289,Blake Watson,DEN,RB,12,,299,75,34.6,1.1,73.4,,,,,,,,,,,,29886,,1108990
290,Jacory Croskey-Merritt,WAS,RB,12,,300,76,34.6,11.6,60.3,,,,,,,,,,,,30539,,
291,Jordan Whittington,LA,WR,8,,383,114,34.6,0.7,72.3,4.8,12.8,34.7,0,0,6,2.3,47,28.7,19.4,10.2,29850,,1163273
292,Malik Washington,MIA,WR,12,,386,115,34.3,0.2,73.9,7.6,3,35.3,0,0,5,5,61,78.3,11.6,10,30054,,1173255
293,Jaylin Noel,HOU,WR,6,,387,116,34.3,13.5,59.2,,,,,,,,,,,,30375,,
294,Case Keenum,CHI,QB,5,,431,63,34.2,0,270.6,,,,,,,,,,,,3269,22994,338280
295,Noah Gray,KC,TE,10,,194,40,33.8,3.6,65.8,1.6,0.9,4.3,0,0,2,1.3,12,35.3,50,18.8,28167,93143,1056981
296,Kendrick Bourne,NE,WR,14,,391,117,33.5,4.7,64.6,3.7,1,17.3,0,0,2,2.7,38,60,8.3,7.6,4832,80289,754412
297,Andy Dalton,CAR,QB,14,,434,64,33.4,0,247.4,,,,,,,,,,,,2239,14225,322858
298,Hunter Luepke,DAL,RB,10,,312,77,33.3,0,74.4,0.9,1.5,5.3,0,0,3,2,28,28,13.6,10.2,29425,,1130976
299,Pat Bryant,DEN,WR,12,,392,118,33.3,12.7,57.5,,,,,,,,,,,,30370,,
300,Isaac TeSlaa,DET,WR,8,,393,119,33.2,11.8,57.8,,,,,,,,,,,,30366,,
301,Olamide Zaccheaus,CHI,WR,5,,397,120,33,6.3,61.6,18.1,16.9,71.3,1,0,5,7.7,69,71.3,12.5,15.1,27196,64496,883976
302,Israel Abanikanda,GB,RB,5,,316,78,32.8,0.9,68.6,,,,,,,,,,,,29304,,1214249
303,Mason Rudolph,PIT,QB,5,,438,65,32.7,0,276.8,8.6,9.1,182,1,1.7,10,28,42,80.7,38.5,51,5073,53729,823220
304,KaVontae Turpin,DAL,WR,10,,400,121,32.6,3.5,64.6,5.3,6,36.7,0,0,6,5.3,50,48.3,15.4,16.5,28933,60957,865958
305,Evan Hull,PIT,RB,5,,317,79,32.5,1.1,69,,,,,,,,,,,,29337,,1173266
306,Dylan Sampson,CLE,RB,9,,318,80,32.3,4.7,62.9,,,,,,,,,,,,30421,,
307,Dorian Thompson-Robinson,PHI,QB,9,,441,66,32.2,0,221.7,3.3,4.4,134,0,1.7,5,33,10,55,83.3,73.9,29301,,1128116
308,Tyrod Taylor,NYJ,QB,9,,442,67,32.1,0,245,9.9,,89,2,1,,16,,37,,69.6,2554,14377,399579
309,Tai Felton,MIN,WR,6,,408,122,32,10.5,56.3,,,,,,,,,,,,30397,,
310,John Metchie,PHI,WR,9,,409,123,31.9,0.9,66.1,6.1,3.4,36,0,0.5,4,6,60,65.5,11.1,15.6,28648,102696,1160348
311,Marquez Valdes-Scantling,SEA,WR,8,,410,124,31.9,4.1,61.2,3.2,6.3,16.5,0,0,8,5,70,74,17.4,10.8,5171,40647,742382
312,Kenneth Gainwell,PIT,RB,5,,324,81,31.8,4.8,63.8,2.8,2.4,15,0,0,15,8,49,30.3,45.5,36,28155,90912,1130705
313,Ty Johnson,BUF,RB,7,,325,82,31.8,0,68,2.9,1.2,22.7,0,0,4,5.3,25,31.3,23.5,25.9,27172,63050,877784
314,Cooper Rush,BAL,QB,7,,444,68,31.8,0,231.7,10.9,9.6,218.5,1,1,,33.5,,97.5,,56.2,4830,44715,694117
315,Foster Moreau,NO,TE,11,,196,41,31.7,6.7,57.4,8.7,8.4,37,0.3,0,4,4,79,66.7,7.7,10.1,27030,60712,865573
316,Sincere McCormick,LVR,RB,8,,332,83,31.3,1.3,64.5,,,,,,,,,,,,28967,104054,1166235
317,Khalil Herbert,IND,RB,11,,333,84,31.3,5.7,61.4,5.2,13.3,35.3,0,0.3,28,10.7,95,57.5,40,31.1,28222,72412,935104
318,Greg Dortch,ARI,WR,8,,411,125,31.3,0.6,66.8,9.3,15.7,33,0.7,0.3,5,3.3,45,35.7,17.2,12.9,27359,69558,910852
319,Terrance Ferguson,LA,TE,8,,197,42,31.1,9,53.1,,,,,,,,,,,,30342,,
320,Jonathon Brooks,CAR,RB,14,,335,85,31,1.6,64,,,,,,,,,,,,29927,,1326601
321,Jalen Royals,KC,WR,10,,414,126,31,13.5,53,,,,,,,,,,,,30428,,
322,Zamir White,LVR,RB,8,,336,86,30.8,6.2,59.2,,,,,,,,,,,,28724,91578,1110697
323,KeAndre Lambert-Smith,LAC,WR,12,,417,127,30.7,1.2,63,,,,,,,,,,,,30453,,
324,Salvon Ahmed,IND,RB,11,,337,87,30.6,1.7,64.2,,,,,,,,,,,,27900,86780,1049246
325,Elic Ayomanor,TEN,WR,10,,419,128,30.6,12.4,52.8,,,,,,,,,,,,30431,,
326,Elijah Arroyo,SEA,TE,8,,200,43,30.4,7.6,52.8,,,,,,,,,,,,30346,,
327,MarShawn Lloyd,GB,RB,5,,339,88,30.3,1.6,62.9,,,,,,,,,,,,29949,,1213414
328,Gardner Minshew II,KC,QB,10,,447,69,30.3,0,266.4,,,,,,,,,,,,27052,61798,867303
329,Trey Sermon,PIT,RB,5,,341,89,30.1,3.5,61.5,2,1,13.3,0,0,3,4,21,15,18.8,40.7,28093,86646,976236
330,Jameis Winston,NYG,QB,14,,449,70,30.1,0,246.4,,,,,,,,,,,,3869,24849,691536
331,Travis Vokolek,ARI,TE,8,,202,44,29.8,0,69.8,,,,,,,,,,,,29461,,1068822
332,Keaton Mitchell,BAL,RB,7,,343,90,29.8,1.8,62,3.4,4.8,29,0,0,4,8,21,24,26.7,48.6,29460,,1222789
333,Marquise Brown,KC,WR,10,,426,129,29.8,0,66.9,9.1,0.9,45.5,0,0,,7.5,,33.5,,34,26946,86687,976220
334,John Wolford,JAX,QB,8,,451,71,29.6,0,235.8,,,,,,,,,,,,27763,56192,836347
335,Kalif Raymond,DET,WR,8,,427,130,29.2,0,65.1,2.1,,11,0,0,1,1,6,6,25,25,4481,70422,692660
336,Sean Tucker,TB,RB,9,,348,91,29,0.2,62.2,2.3,5.4,20,0,0,2,3.7,7,8.7,40,50,29475,,1228633
337,Jase McClellan,TB,RB,9,,349,92,29,0,81.2,,,,,,,,,,,,29754,,1213251
338,Davis Mills,HOU,QB,6,,453,72,29,0,271,3.2,6,72,0,0,25,13,82,47,51,32.6,28072,89628,1060311
339,Isaiah Davis,NYJ,RB,9,,354,93,28.6,2,58.1,3.5,4.1,32,0,0,4,3.7,12,16,50,36.2,29889,,1271609
340,Blake Corum,LA,RB,8,,355,94,28.5,1.7,58.5,1.5,3.2,10.7,0,0,3,3.7,18,13.3,25,60.2,29842,,1229540
341,K.J. Osborn,WAS,WR,12,,433,131,28.3,0.1,60.8,0,,0,0,0,,0,,23,,0,27618,63855,881058
342,Robert Tonyan,KC,TE,10,,205,45,28.1,2.1,56.1,,,,,,,,,,,,26332,80353,660151
343,Erick All,CIN,TE,10,,206,46,28,1.7,56.3,,,,,,,,,,,,29936,,
344,Tyler Johnson,NYJ,WR,9,,435,132,28,0.8,57.8,13.5,,35,1,0,7,7,76,76,14,14,26938,68712,911236
345,Terrell Jennings,NE,RB,14,,360,95,27.8,1.2,57.8,1,2,10,0,0,8,4,38,19,33.3,33.3,30187,,1182082
346,Michael Mayer,LVR,TE,8,,207,47,27.7,0,63.4,2.8,6.1,11.7,0,0,4,2.3,80,72,9.8,5.1,29196,,1232592
347,Chris Rodriguez,WAS,RB,12,,361,96,27.7,1.5,57.6,3.4,9.8,11,0.3,0,0,3,2,11.3,0,25.4,29354,,1113403
348,Tyler Badie,DEN,RB,12,Q,362,97,27.6,1.6,56.8,,,,,,,,,,,,28797,94887,1124338
349,Jeremy McNichols,WAS,RB,12,,363,98,27.6,1,59.5,3.6,7.8,9.3,0,0,0,3.3,2,19,0,16.6,4925,56648,837594
350,David Bell,CLE,WR,9,,439,133,27.6,0,63.6,,,,,,,,,,,,28702,114180,1180347
351,Cedrick Wilson Jr.,NO,WR,11,,440,134,27.5,0.5,58.2,4.1,2.9,17.3,0,0,5,3.3,45,51,16.7,10.8,5204,69581,912061
352,Dawson Knox,BUF,TE,7,,209,48,27.2,5.3,49.9,2.8,2.8,13,0,0,,2.5,,52.5,,7.5,26982,64585,884083
353,Harold Fannin,CLE,TE,9,,210,49,27.1,18.4,43.5,,,,,,,,,,,,30363,,
354,Velus Jones Jr.,NO,WR,11,,443,135,27.1,0,61.3,0,,0,0,0,,1,,6,,33.3,28674,70661,919304
355,DJ Giddens,IND,RB,11,,366,99,26.9,3.7,53.8,,,,,,,,,,,,30446,,
356,Sterling Shepard,TB,WR,9,,445,136,26.6,0,59.8,3.2,2.3,22.5,0,0,2,3,63,48,4.8,10.8,4245,27477,691278
357,Jaylin Lane,WAS,WR,12,,448,137,26,4.6,49.7,,,,,,,,,,,,30423,,
358,Tanner McLachlan,CIN,TE,10,,214,50,25.5,0,59.8,0,0,0,0,0,,0,,2,,0,29942,,1134438
359,Mason Tipton,NO,WR,11,,452,138,25.3,0,52.8,0,,0,0,0,,1,,50,,3.6,30103,,1182695
360,David Moore,CAR,WR,14,,454,139,25.2,1.7,50.5,7.5,9.2,21.7,0.7,0,3,2.7,57,59.7,7.9,7.1,5302,79987,1049915
361,Trey Palmer,TB,WR,9,,455,140,25.1,0.8,52,1.7,5.1,10.3,0,0,0,1.3,12,20,0,10.3,29352,,1161739
362,Luke Schoonmaker,DAL,TE,10,,218,51,25,0.7,51.5,1.6,3.6,6.3,0,0,2,1,46,37.7,5.6,3.5,29219,,1130242
363,Ty Chandler,MIN,RB,6,,373,100,25,4.4,50.4,0.2,0.7,2.3,0,0,0,1.7,0,3.3,,71.4,28771,87371,1059576
364,Justin Watson,HOU,WR,6,,458,141,24.8,1,50.6,5.2,14,21.7,0.3,0,3,2,97,61.3,9.1,7.1,5141,83083,832220
365,Tyler Shough,NO,QB,11,,475,73,24.7,0,221.2,,,,,,,,,,,,30336,,
366,Elijah Higgins,ARI,TE,8,,219,52,24.5,1.5,49.2,1.4,4.3,7.7,0,0,0,1.3,48,34.3,0,6.3,29358,,1161853
367,Jordan Watkins,SF,WR,14,,460,142,24.5,3.4,47.6,,,,,,,,,,,,30433,,
368,Josh Whyle,TEN,TE,10,,221,53,24.4,0.1,51.5,3.3,9.9,9.7,0,0,7,2.7,60,29,18.9,10.5,29308,,1107037
369,Jaydon Blue,DAL,RB,10,,376,101,24.2,0.2,57.6,,,,,,,,,,,,30444,,
370,LeQuint Allen,JAX,RB,8,,377,102,24.2,1.6,54.2,,,,,,,,,,,,30530,,
371,Kevin Austin,NO,WR,11,,461,143,24.2,0,52.7,2.1,2.6,17.7,0,0.3,1,2.3,55,71.3,2.8,5.2,29158,,1130526
372,Josh Oliver,MIN,TE,6,,223,54,24,0,51.6,1.2,3.6,5.3,0,0,3,1.3,46,49,10,4.4,27056,63907,881779
373,Irv Smith Jr.,HOU,TE,6,,224,55,24,0,56.4,0,0,0,0,0,0,0,30,25.7,0,0,27124,72725,944428
374,Greg Dulcich,NYG,TE,14,,225,56,23.9,0.8,48.8,0,0,0,0,0,0,0,19,11.7,0,0,28683,91931,1128085
375,Jonathan Mingo,DAL,WR,10,,462,144,23.9,1.7,47.8,2.2,4.4,12,0,0,2,1.7,35,36,7.4,5.8,29200,,1176782
376,Darnell Washington,PIT,TE,5,,228,57,23.8,0.1,50.5,0.6,1.8,2.7,0,0,0,0.3,36,38,0,1.3,29254,,1218658
377,Devin Neal,NO,RB,11,,379,103,23.8,5.6,44.9,,,,,,,,,,,,30478,,
378,Luke McCaffrey,WAS,WR,12,,463,145,23.8,1.6,47.7,0.8,2.3,4.3,0,0,0,1,34,24.7,0,11.1,29838,,1164846
379,Cade Stover,HOU,TE,6,,230,58,23.7,0,50.8,0.6,1.1,0.5,0,0,1,1,60,47,2.8,4,29902,,1175182
380,Ollie Gordon,MIA,RB,12,,384,104,23.6,4.3,46,,,,,,,,,,,,30474,,
381,Derius Davis,LAC,WR,12,,465,146,23.6,0,53.2,7.3,11.1,19.3,0.7,0.3,2,2.7,31,24.5,8.7,15,29286,,1113477
382,Chimere Dike,TEN,WR,10,,466,147,23.6,2.4,47.2,,,,,,,,,,,,30398,,
383,Jordan James,SF,RB,14,,385,105,23.4,1.7,57.3,,,,,,,,,,,,30442,,
384,Bub Means,NO,WR,11,,467,148,23.2,0,52.6,,,,,,,,,,,,29788,,1172080
385,Bo Melton,GB,WR,5,,468,149,23.1,0,51.7,2.1,4.7,11,0,0,1,2.3,40,32.3,3.8,12.6,28830,92606,1068803
386,Arian Smith,NYJ,WR,9,,470,150,22.9,0.9,47.6,,,,,,,,,,,,30405,,
387,Ben Skowronek,PIT,WR,5,,472,151,22.8,1.1,47.7,2.2,4.5,12.5,0,0,0,1,8,12.5,0,10,28254,71105,920944
388,Malachi Corley,NYJ,WR,9,,473,152,22.7,0,54.3,0,,0,0,0,,0,,0,,,30031,,1215291
389,Ryan Miller,TB,WR,9,,474,153,22.5,0,51.8,4.8,9.7,14.3,0.3,0,0,2,12,38,0,5.1,29663,,
390,Carson Steele,KC,RB,10,,394,106,22.3,0.5,46.9,1.6,4.7,9,0,0,10,3.3,68,25.3,43.5,21.8,29970,,1319219
391,Ainias Smith,PHI,WR,9,,476,154,22.3,0,51.2,7,13.9,19.5,0.5,0,7,3.5,69,38.5,14.9,7.5,29749,,1180328
392,Jalin Hyatt,NYG,WR,14,,477,155,22.3,0,49.7,0.6,1.9,3,0,0,1,1,34,24,5.6,7.4,29234,,1232892
393,Grant Calcaterra,PHI,TE,9,,235,59,22.2,2.2,43.5,2.5,4.4,14.7,0,0,4,2,34,67.7,17.4,7.1,28799,86682,976221
394,Chris Brooks,GB,RB,5,,395,107,22.2,0.5,46.5,5.1,9.5,28,0.3,0,9,5.3,28,24.3,50,27.3,29600,,
395,Colby Parkinson,LA,TE,8,,237,60,22,2.1,43.2,0.5,1.6,2,0,0,1,1,39,37.3,3.8,4.7,27576,89588,1060312
396,Braxton Berrios,HOU,WR,6,,478,156,22,0,50.7,,,,,,,,,,,,5206,52495,820866
397,Lil'Jordan Humphrey,NYG,WR,14,,479,157,21.9,0,50.8,1.5,4.6,8.7,0,0,2,0.7,32,38.5,8.3,4.2,27297,71031,920758
398,James Mitchell,CAR,TE,14,,238,61,21.8,0,52.2,,,,,,,,,,,,28778,85986,1123712
399,Damien Martinez,SEA,RB,8,,398,108,21.8,2.3,58.5,,,,,,,,,,,,30517,,
400,Alec Ingold,MIA,RB,12,,399,109,21.8,0,51.3,1.5,4.1,8.3,0,0,2,1,24,33,11.8,5.3,27212,63717,880322
401,Mecole Hardman,GB,WR,5,,480,158,21.8,0,51.3,,,,,,,,,,,,27046,71352,922026
402,Keilan Robinson,PHI,RB,9,,401,110,21.6,0,47.7,0,0,0,0,0,0,0,3,1.7,0,0,29962,,1172173
403,DeeJay Dallas,ARI,RB,8,,402,111,21.6,0,55,4.1,5.6,11,0.3,0,2,1.3,15,17.3,20,11.8,27587,94087,976309
404,Kyle Monangai,CHI,RB,5,,403,112,21.6,2.6,58.8,,,,,,,,,,,,30527,,
405,Tyler Goodson,IND,RB,11,,405,113,21.5,1,44.3,1.2,2.2,9,0,0,2,2,8,7,33.3,33.3,29094,,1168918
406,Brashard Smith,KC,RB,10,,407,114,21.3,0,64.3,,,,,,,,,,,,30522,,
407,Tanner Hudson,CIN,TE,10,,241,62,21.2,0.7,43.7,2.1,,11,0,0,1,1,5,5,25,25,26870,83117,1115394
408,Terrace Marshall Jr.,PHI,WR,9,,481,159,21.2,0,47.9,1.3,3.8,9.3,0,0,0,1,27,36.3,0,3.3,28064,85672,1109285
409,Brandon Johnson,PIT,WR,5,,482,160,21.2,0,54,,,,,,,,,,,,29065,,
410,Malik Heath,GB,WR,5,,483,161,20.8,0,46.5,7.8,1,28,0.5,0,5,3,60,42,12.8,9.8,29478,,1231559
411,Xavier Weaver,ARI,WR,8,,484,162,20.8,0,49.7,0,,0,0,0,0,0,25,25,0,0,29925,,1180538
412,Ben Sinnott,WAS,TE,12,,243,63,20.6,0.9,41.8,0,0,0,0,0,0,0,7,8,0,0,30021,,1228920
413,Luke Musgrave,GB,TE,5,,244,64,20.5,0,44.9,1.4,2.9,7.7,0,0,1,1,26,19,5.9,8.9,29203,,1179790
414,Dare Ogunbowale,HOU,RB,6,,412,115,20.4,0,47.2,2.5,4.6,13.7,0,0,5,3.3,20,24.7,41.7,24.7,21853,28827,703015
415,LaJohntay Wester,BAL,WR,7,,485,163,20.3,4.2,39,,,,,,,,,,,,30497,,
416,Rasheen Ali,BAL,RB,7,,415,116,20.1,0.5,42.6,0.1,0.2,-0.3,0,0,0,0.7,7,10,0,10.4,29800,,1229133
417,Hassan Haskins,LAC,RB,12,,416,117,20,0.2,42.7,8.7,6.9,37.3,0.7,0,12,7.7,36,35.5,44.4,38.2,28733,91361,1130230
418,Deuce Vaughn,DAL,RB,10,,418,118,19.9,0.3,42,3.7,,37,0,0,6,6,19,19,40,40,29373,,1228925
419,Stone Smartt,NYJ,TE,9,,245,65,19.8,0,42.1,3.7,6.7,20,0,0,0,1.7,19,26,0,3.9,28929,103966,1056865
420,Phil Mafah,DAL,RB,10,,421,119,19.8,0,57,,,,,,,,,,,,30533,,
421,Ryan Flournoy,DAL,WR,10,,486,164,19.8,0,46,3.9,5.8,19.3,0,0,2,2.3,9,23.3,28.6,18.8,29814,,1393832
422,Tyler Scott,CHI,WR,5,,487,165,19.8,0,47.4,0,0,0,0,0,0,0,0,0.7,,0,29294,,1214112
423,Kenny McIntosh,SEA,RB,8,,423,120,19.7,0.3,42.2,4.5,1,41.3,0,0,8,6.3,24,22.7,61.5,49.5,29398,,1172050
424,Jalen Milroe,SEA,QB,8,,489,74,19.7,0,157.1,,,,,,,,,,,,30387,,
425,Riley Leonard,IND,QB,11,,490,75,19.5,0,178.6,,,,,,,,,,,,30483,,
426,Tahj Brooks,CIN,RB,10,,424,121,19.4,3.2,45.8,,,,,,,,,,,,30487,,
427,Scott Miller,PIT,WR,5,,488,166,19.4,0,44.5,0,0,0,0,0,,0,,28,,0,27144,61273,866578
428,Dillon Gabriel,CLE,QB,9,,491,76,19.4,0.2,225,,,,,,,,,,,,30389,,
429,Devin Culp,TB,TE,9,,248,66,19.3,0,41.8,4.6,8.2,29.3,0,0,2,2,24,18,12.5,10.8,29790,,1107536
430,Cam Grandy,CIN,TE,10,,250,67,19.2,0,43.9,1.2,1.9,5.3,0,0,1,0.7,12,15,11.1,8.7,30202,,1251513
431,Dylan Laube,LVR,RB,8,,425,122,19.2,0,44.4,0,0,0,0,0,0,0,2,0.7,0,0,29827,,1122182
432,Payne Durham,TB,TE,9,,253,68,18.9,0,40.1,9,5.7,27,0.7,0.3,2,4,81,83.7,3.7,6.4,29332,,1130260
433,Daniel Bellinger,NYG,TE,14,,254,69,18.8,0,43.5,1.5,2.9,4.7,0,0,2,1.3,58,71,6.5,3.9,28715,90307,1122035
434,Skyy Moore,SF,WR,14,,492,167,18.8,0,44.4,,,,,,,,,,,,28658,112062,1176730
435,Xavier Gipson,NYJ,WR,9,,493,168,18.8,0,43.6,0,0,1.7,0,0.7,1,0.3,6,6.7,25,12.5,29429,,1177970
436,Bryce Oliver,TEN,WR,10,,494,169,18.6,0,42.9,0.8,2.5,5,0,0,3,1,32,14,15,5,30199,,1113398
437,Austin Trammell,JAX,WR,8,,495,170,18.5,0,43.8,,,,,,,,,,,,28555,88685,1056660
438,Javon Baker,NE,WR,14,,496,171,18.3,0,43,0.7,2.2,4,0,0,1,0.3,61,31,2.6,0.9,30045,,1231136
439,Johnny Wilson,PHI,WR,9,,497,172,18.1,0.1,38.1,1.8,5.4,8,0,0,5,1.7,96,46.3,7.7,2.6,29751,,
440,Craig Reynolds,DET,RB,8,,432,123,18,0,43.5,5.3,5.3,42.7,0,0,10,8,34,27.7,43.5,43.7,27355,104424,1167356
441,Will Mallory,IND,TE,11,,258,70,17.8,0,40.5,0,,0,0,0,,0,,5,,0,29323,,1121873
442,Adam Trautman,DEN,TE,12,,259,71,17.7,0,37.6,1,1.5,3.3,0,0,0,1.3,64,56,0,5.2,27548,130270,875444
443,Lucas Krull,DEN,TE,12,,260,72,17.6,0.4,36.5,2.1,5.1,8,0,0,0,1.3,30,35,0,2.1,29072,,1122323
444,Rakim Jarrett,TB,WR,9,,498,173,17.5,0,42.1,1.2,2.1,5.7,0,0,0,0.7,10,20,0,3.9,29472,,1226343
445,Devin Duvernay,CHI,WR,5,,499,174,17.5,0,43.1,0.5,1.4,2.3,0,0.3,0,0.7,9,18.7,0,5.3,27535,71032,920756
446,Will Shipley,PHI,RB,9,,436,124,17.4,0,38,5.3,10.7,33.5,0,0,14,7,53,26.5,38.9,38.9,29748,,1287636
447,Patrick Taylor,SF,RB,14,,437,125,17.3,0,39.5,5.5,13.1,48.7,0,0,21,11.3,84,61.3,32.8,19.4,28344,72627,943635
448,Jimmy Horn,CAR,WR,14,,500,175,17.3,0,37.8,,,,,,,,,,,,30502,,
449,Simi Fehoko,ARI,WR,8,,501,176,17.3,0,41.4,,,,,,,,,,,,28184,89613,1123496
450,Jared Wiley,KC,TE,10,,264,73,17.2,0,39.6,,,,,,,,,,,,29971,,1163272
451,Gunnar Helm,TEN,TE,10,,265,74,17.2,0,35.1,,,,,,,,,,,,30415,,
452,Jake Bobo,SEA,WR,8,,502,177,17.2,0,39.6,3,7.4,3.3,0.3,0,1,0.7,31,25.7,5.9,4.7,29552,,1121050
453,Robbie Ouzts,SEA,TE,8,,266,75,17.1,0,54.7,,,,,,,,,,,,30470,,
454,Connor Heyward,PIT,TE,5,,268,76,17,0,41.1,1,1.8,3.7,0,0,0,0.7,8,15.3,0,7.2,28809,92882,1057457
455,Brevyn Spann-Ford,DAL,TE,10,,272,77,16.9,1.4,33.6,0,0,0,0,0,0,0,26,21,0,0,29818,,1108202
456,Brevin Jordan,HOU,TE,6,,273,78,16.8,0,37.2,,,,,,,,,,,,28152,94094,1121871
457,Charlie Jones,CIN,WR,10,Q,503,178,16.6,0,41.9,,,,,,,,,,,,29292,,1067132
458,D'Wayne Eskridge,MIA,WR,12,Q,504,179,16.6,0,39.2,1.8,,8,0,0,,1,,3,,50,28061,72182,926280
459,Nate Adkins,DEN,TE,12,,274,79,16.5,0.1,34.6,3.7,3.8,16.7,0,0,3,2,59,48,6.8,5.7,29603,,1132517
460,Jalen Brooks,DAL,WR,10,,505,180,16.5,0,36.8,1.1,2.2,6,0,0,0,0.5,21,21,0,3.9,29405,,1223301
461,Jha'Quan Jackson,TEN,WR,10,,506,181,16.3,0,41,,,,,,,,,,,,29768,,1169424
462,Jacob Cowing,SF,WR,14,,507,182,16.2,0,38.1,1.9,5.7,12.3,0,0,3,1,66,30,6,2,29870,,1181861
463,Charlie Kolar,BAL,TE,7,,275,80,16.1,0.1,34.3,0,,0,0,0,0,0,29,29,0,0,28730,85635,1058648
464,C.J. Ham,MIN,RB,6,,446,126,15.7,0,43.6,1.8,3.5,8,0,0,0,1,18,19,0,7.3,4682,70501,915397
465,Kalel Mullings,TEN,RB,10,,450,127,15.5,0,47.8,,,,,,,,,,,,30482,,
466,Xavier Smith,LA,WR,8,,511,183,15.5,0,36,0.2,0.6,2,0,0,2,0.7,8,4.7,40,20,29710,,1137635
467,Davis Allen,LA,TE,8,,277,81,15.4,0,35.3,0,0,0,0,0,0,0.3,30,23.7,0,3.3,29336,,1161664
468,Tip Reiman,ARI,TE,8,,278,82,15.4,0,32.6,0,0,0,0,0,0,0,45,37.3,0,0,29923,,1229489
469,Tylan Wallace,BAL,WR,7,,512,184,15.4,0,35.8,0.4,1.2,0.7,0,0,1,0.7,73,49.3,2,2.2,28136,87515,1062546
470,Devontez Walker,BAL,WR,7,,513,185,15.3,0,35.5,0,0,0,0,0,0,0.7,21,20.3,0,4.2,29809,,1277914
471,Kylen Granson,PHI,TE,9,,279,83,15.2,0.4,31.2,2.7,6.4,13.7,0,0,4,2.7,41,37.3,12.5,8.5,28132,71143,921050
472,Will Howard,PIT,QB,5,,508,77,15.1,0,193,,,,,,,,,,,,30479,,
473,Julian Hill,MIA,TE,12,,281,84,15,0,33,0,0,0,0,0,1,0.3,61,56.3,2.3,0.8,29601,,1123630
474,Xavier Hutchinson,HOU,WR,6,,514,186,14.9,0,34.6,2.5,2.6,11.3,0,0,2,2.3,80,69.3,4.2,5.8,29366,,1213636
475,Ronnie Rivers,LA,RB,8,,456,128,14.7,0.2,31,4.1,12.2,27.3,0,0,17,5.7,79,26.3,32.7,32.7,29030,91971,976804
476,Kyle McCord,PHI,QB,9,,509,78,14.7,0,189.1,,,,,,,,,,,,30476,,
477,Brock Wright,DET,TE,8,,283,85,14.6,0,32.8,0,0,0,0,0,0,0,41,48.3,0,0,28510,91046,978120
478,Andrew Ogletree,IND,TE,11,,284,86,14.6,0,33,0,0,0,0,0,,0.5,41,50,,1.4,28793,147049,1271740
479,Eric Gray,NYG,RB,14,,457,129,14.6,0.2,31.4,1.1,2,4,0,0,2,1,11,11.7,33.3,14.8,29333,,1161798
480,Raheem Blackshear,CAR,RB,14,,459,130,14.5,0,32.5,2.7,3.4,26.7,0,0,4,5,9,32,66.7,43.9,29013,92590,1068724
481,Casey Washington,ATL,WR,5,,515,187,14.5,0,34.7,,,,,,,,,,,,29758,,1176431
482,Graham Mertz,HOU,QB,6,,510,79,14.3,0,193.8,,,,,,,,,,,,30491,,
483,Ricky White,SEA,WR,8,,516,188,14.3,0.1,30.4,,,,,,,,,,,,30532,,
484,Johnny Mundt,JAX,TE,8,,289,87,13.8,0,29.8,0.6,1.7,2.3,0,0,0,0.3,9,11.7,0,4.2,21438,40371,740704
485,KhaDarel Hodge,ATL,WR,5,,517,189,13.8,0,36.3,1.8,3.4,11,0,0,2,2,90,43,2.8,9.4,26474,85306,757521
486,Anthony Gould,IND,WR,11,,518,190,13.6,0,32.6,0,0,0,0,0,0,0,0,0,,,29778,,1161661
487,Konata Mumpfield,LA,WR,8,,519,191,13.6,0,30.2,,,,,,,,,,,,30536,,
488,Kene Nwangwu,NYJ,RB,9,,464,131,13.5,0,31.5,,,,,,,,,,,,28124,73247,946748
489,Tez Johnson,TB,WR,9,,520,192,13.3,0,30.3,,,,,,,,,,,,30529,,
490,Jeremy Ruckert,NYJ,TE,9,,291,88,13.2,0,29.2,1.6,3.2,5.7,0,0,2,1.3,48,36.7,6.5,5.5,28704,87815,1122596
491,Durham Smythe,CHI,TE,5,,293,89,13.1,0,32.6,0.5,1.5,1.7,0,0,1,1,26,30,5.6,4.6,5120,42046,749968
492,Oronde Gadsden II,LAC,TE,12,,296,90,12.9,0.7,25.8,,,,,,,,,,,,30460,,
493,Drew Sample,CIN,TE,10,Q,297,91,12.8,0.1,27.2,3,4.1,9.7,0,0,4,2,55,58,9.8,5.8,27013,56711,837824
494,Kenny Yeboah,DET,TE,8,,298,92,12.8,0,29.5,1.3,4,6.7,0,0,2,1.7,39,26,8,10.2,28504,72665,943843
495,Julius Chestnut,TEN,RB,10,,469,132,12.8,0.1,27.8,0.9,1.7,9.3,0,0,2,2,24,20,13.3,14.7,29002,170184,1125846
496,Trayveon Williams,CLE,RB,9,,471,133,12.7,0,28.6,0,0,0,0,0,0,0,1,1,0,0,27007,69860,910605
497,Harrison Bryant,HOU,TE,6,,301,93,12.4,0,29.8,0,0,0,0,0,0,0,22,13.7,0,0,27558,70601,916467
498,Shane Zylstra,DET,TE,8,,302,94,12.4,0,27.9,0,0,0,0,0,0,0,13,8.7,0,0,28505,149832,1284247
499,Ashton Dulin,IND,WR,11,,521,193,12.3,0,28.8,0,0,0,0,0,,0,10,11,,0,27327,104012,1166036
500,Ian Thomas,LVR,TE,8,,304,95,12.1,0,32.1,,,,,,,,,,,,5098,72515,943093
501,Jaheim Bell,NE,TE,14,,306,96,12,0,26.9,1,2.9,6.3,0,0,1,0.3,47,22.3,3.3,1.1,29983,,1229765
502,Teagan Quitoriano,ATL,TE,5,,307,97,12,0,33.9,,,,,,,,,,,,28772,93026,1128538
503,Jackson Hawes,BUF,TE,7,,308,98,12,0,25.4,,,,,,,,,,,,30468,,
504,Mo Alie-Cox,IND,TE,11,,309,99,11.9,0,28.5,0.8,2.5,5,0,0,1,1.3,38,42,3.3,4.4,26065,24533,712506
505,Kaden Prather,BUF,WR,7,,525,194,11.9,0,31.5,,,,,,,,,,,,30534,,
506,Quintin Morris,JAX,TE,8,,314,100,11,0,26,1.7,5,6.7,0,0,4,1.7,93,37.7,6.5,6.8,28518,90123,1059680
507,Brayden Willis,SF,TE,14,,315,101,11,0,27,0,0,0,0,0,0,0,17,7,0,0,29408,,1125589
508,Ihmir Smith-Marsette,NYG,WR,14,,526,195,11,0,24.5,2,6,0,0,0,0,0,0,0.7,,0,28162,86113,1059221
509,Dominic Lovett,DET,WR,8,,527,196,10.3,0,35.8,,,,,,,,,,,,30538,,
510,Tanner Conner,MIA,TE,12,,319,102,10.2,0,23.6,,,,,,,,,,,,29003,170188,946261
511,Luke Farrell,SF,TE,14,,320,103,10.1,0,24.3,1.4,2.8,4,0,0,1,1.3,45,47.7,3.2,4.2,28150,73176,946541
512,Mitchell Evans,CAR,TE,14,,321,104,10.1,0,25,,,,,,,,,,,,30458,,
513,Hunter Long,JAX,TE,8,,323,105,9.9,0,22,0,0,0,0,0,0,0,11,23.7,0,0,28086,93075,1060550
514,Josiah Deguara,ARI,TE,8,,326,106,9.7,0,24.5,0.5,1.4,1.3,0,0,0,0.3,14,19.3,0,2,27537,61112,866149
515,Jack Stoll,NO,TE,11,,327,107,9.7,0,24.7,0,0,0,0,0,0,0,0,1,,0,28400,69451,911985
516,Ben Sims,GB,TE,5,,328,108,9.6,0,22.5,0,0,0,0,0,0,0,11,11.7,0,0,29534,,1129452
517,Pharaoh Brown,MIA,TE,12,,329,109,9.6,0,24.2,0.9,2.7,7,0,0.3,0,0.7,11,26.3,0,3.5,14648,29411,689689
518,John Bates,WAS,TE,12,,331,110,9.4,0,21,0.8,2.4,4.7,0,0,1,1,26,37.7,6.7,4.4,28129,72705,944038
519,Zach Pascal,NYG,WR,14,,528,197,9.3,0,26.7,0,0,0,0,0,0,0,17,5.7,0,0,26268,53390,658447
520,Kurtis Rourke,SF,QB,14,,522,80,9.1,0,135,,,,,,,,,,,,30521,,
521,Quinn Ewers,MIA,QB,12,,523,81,8.9,0,131.7,,,,,,,,,,,,30525,,
522,Shedeur Sanders,CLE,QB,9,,524,82,8.8,0,107.9,,,,,,,,,,,,30439,,
523,Charlie Woerner,ATL,TE,5,,351,111,6.7,0,18.4,0.5,1.6,2,0,0,0,1,56,53.3,0,2.9,27632,71351,922040
524,Gavin Bartholomew,MIN,TE,6,,353,112,6.5,0,17.9,,,,,,,,,,,,30496,,
525,Chris Manhertz,NYG,TE,14,,358,113,6.1,0,15.4,1.6,2.6,9.3,0,0,1,0.7,49,40.3,3.8,2.6,4519,18009,563293
526,Caleb Lohner,DEN,TE,12,,359,114,6,0,15,,,,,,,,,,,,30535,,
527,Luke Lachey,HOU,TE,6,,370,115,2.7,0,21.2,,,,,,,,,,,,30549,,
528,Moliki Matavao,NO,TE,11,,371,116,2.7,0,22.2,,,,,,,,,,,,30542,,
529,Anthony Richardson,IND,QB,11,O,529,83,0,0,0,20.2,,201,2,1,,20,,100,,32.3,29165,,1215022
530,Tyjae Spears,TEN,RB,10,O,530,134,0,0,0,16.5,10.3,84.5,1,0.5,,19,,63,,45.5,29242,,1169430
531,Jerome Ford,CLE,RB,9,O,531,135,0,0,0,13.2,21.9,76.5,0.5,0,,11,,19,,40,28758,90533,1125737
532,Kendre Miller,NO,RB,11,O,532,136,0,0,0,4,2.2,25,0,0,,7,,26,,47.8,29232,,1213867
533,Pierre Strong,CLE,RB,9,O,533,137,0,0,0,5.4,4.9,28.5,0,0,,7,,35,,35.7,28729,160306,1050335
534,Travis Homer,CHI,RB,5,O,534,138,0,0,0,,,,,,,,,,,,27090,71444,922484
535,Christian Watson,GB,WR,5,O,535,198,0,0,0,1.2,2.3,11.5,0,0,1,2,15,29,10,10,28638,169776,1067918
536,Ja'Lynn Polk,NE,WR,14,O,536,199,0,0,0,0,0,0,0,0,,0.5,,13.5,,4.2,30011,,1213881
537,Roman Wilson,PIT,WR,5,O,537,200,0,0,0,,,,,,,,,,,,29981,,1229669
538,Jermaine Burton,CIN,WR,10,O,538,201,0,0,0,0,0,0,0,0,,0,,6,,0,29938,,1218631
539,David Njoku,CLE,TE,9,O,539,117,0,0,0,14.6,,66,0,0,,10,,,,,4601,55335,832098
